pmid,title,journal,year,is_meta_analysis,is_systematic_review,mesh_terms,url,crawled_at
42422084,The potential value of curcumin in breast cancer: a systematic review and meta-analysis of preclinical studies,Front Pharmacol,2026,False,False,,https://pubmed.ncbi.nlm.nih.gov/42422084/,2026-08-03T12:34:13.901023
42050478,Effect of curcumin intervention on radiation-induced injury: a GRADE-based systematic review and meta-analysis,BMC Cancer,2026,False,False,,https://pubmed.ncbi.nlm.nih.gov/42050478/,2026-08-03T12:34:13.901083
41909351,A Systematic Review With Targeted Meta-Analyses of Curcumin and Berberine In Vitro Cytotoxicity Models (2014-2026),Cureus,2026,False,False,,https://pubmed.ncbi.nlm.nih.gov/41909351/,2026-08-03T12:34:13.901108
42280140,"The Role of Anthocyanins, Curcumin, and Resveratrol in the Prevention and Management of Metabolic Disorders: A Systematic Review",Molecules,2026,False,False,,https://pubmed.ncbi.nlm.nih.gov/42280140/,2026-08-03T12:34:13.901134
42199754,Effects of Zingiberaceae-derived interventions on memory-related and other cognitive outcomes in adults: a systematic review and meta-analysis,Front Nutr,2026,False,False,,https://pubmed.ncbi.nlm.nih.gov/42199754/,2026-08-03T12:34:13.901151
42100281,"Efficacy and safety of dietary supplements for the treatment of ulcerative colitis, a network meta-analysis",Front Med (Lausanne),2026,False,False,,https://pubmed.ncbi.nlm.nih.gov/42100281/,2026-08-03T12:34:13.901167
41846867,"Curcumin in oral health: mechanisms, clinical evidence, and delivery strategies",Front Pharmacol,2025,False,False,,https://pubmed.ncbi.nlm.nih.gov/41846867/,2026-08-03T12:34:13.901184
41828438,Curcumin Between Pleiotropic Potential and Translational Constraints,Int J Mol Sci,2026,False,False,,https://pubmed.ncbi.nlm.nih.gov/41828438/,2026-08-03T12:34:13.901199
42158342,"A Review of Curcumin in Chronic Disease Management: Anti-Inflammatory Pathways, Antioxidant Activity, and Therapeutic Advances",J Nutr Metab,2026,False,False,,https://pubmed.ncbi.nlm.nih.gov/42158342/,2026-08-03T12:34:13.901214
41797792,"From bench to bedside: unlocking the anti-inflammatory, antioxidant, and anticancer promise of curcumin in gynecology",Front Med (Lausanne),2026,False,False,,https://pubmed.ncbi.nlm.nih.gov/41797792/,2026-08-03T12:34:13.901229
42280426,"Dietary Polyphenols and Selected Nutraceuticals in Hepatocellular Carcinoma: Mechanistic Insights, Translational Evidence, and Clinical Prospects",Nutrients,2026,False,False,,https://pubmed.ncbi.nlm.nih.gov/42280426/,2026-08-03T12:34:13.901244
42272863,Curcumin-loaded nanocarriers for dermatological applications: current advances and biomedical implications,EXCLI J,2026,False,False,,https://pubmed.ncbi.nlm.nih.gov/42272863/,2026-08-03T12:34:13.901259
41878330,Pharmacological effects and mechanisms of curcumin in animal models of Parkinson's disease: a systematic review and meta-analysis,Front Pharmacol,2026,False,False,,https://pubmed.ncbi.nlm.nih.gov/41878330/,2026-08-03T12:34:13.901273
42075010,"Turmeric: A Comprehensive Review of Its Botany, Traditional Uses, Phytochemistry, and Mechanisms as a Functional Food",Nutrients,2026,False,False,,https://pubmed.ncbi.nlm.nih.gov/42075010/,2026-08-03T12:34:13.901295
42231904,Integrative Multiomics and Single-Cell Profiling Identify TNFRSF1A&lt;sup&gt;+&lt;/sup&gt; Macrophages as a Prognostic and Therapeutic Target in Diffuse Large B-cell Lymphoma,Comput Struct Biotechnol J,2026,False,False,,https://pubmed.ncbi.nlm.nih.gov/42231904/,2026-08-03T12:34:13.901311
41393198,Effect of curcumin plus piperine co-supplementation on glycemic control in adults: A meta-analysis of randomized controlled trials,J Diabetes Metab Disord,2025,False,False,,https://pubmed.ncbi.nlm.nih.gov/41393198/,2026-08-03T12:34:13.901326
41368575,The therapeutic effect of curcumin in metabolic dysfunction-associated steatotic liver disease: a systematic review and meta-analysis of animal studies,Front Pharmacol,2025,False,False,,https://pubmed.ncbi.nlm.nih.gov/41368575/,2026-08-03T12:34:13.901356
41779386,Preventing Hand-Foot Syndrome in Patients With Cancer: A Systematic Review and Network Meta-Analysis,JAMA Dermatol,2026,False,False,,https://pubmed.ncbi.nlm.nih.gov/41779386/,2026-08-03T12:34:13.901371
40925573,"Investigating the Potential of Curcumin in the Treatment of Nonsmall Cell Lung Cancer: A Systematic Review With Meta-Analysis, Network Pharmacology, and Mendelian Randomization",Phytother Res,2025,False,False,,https://pubmed.ncbi.nlm.nih.gov/40925573/,2026-08-03T12:34:13.901386
41584371,Interventions to Chemotherapy and Radiotherapy Induced Oral Mucositis: a Systematic Review and Meta-analysis,Acta Stomatol Croat,2025,False,False,,https://pubmed.ncbi.nlm.nih.gov/41584371/,2026-08-03T12:34:13.901401
42186275,Spices Beyond Antioxidants: From the Gut to the Brain,Nutr Rev,2026,False,False,,https://pubmed.ncbi.nlm.nih.gov/42186275/,2026-08-03T12:34:13.901415
40902809,Effectiveness and mechanisms of curcumin for colorectal cancer in preclinical models:A systematic review and meta-analysis,J Ethnopharmacol,2026,False,False,,https://pubmed.ncbi.nlm.nih.gov/40902809/,2026-08-03T12:34:13.901453
42280144,Natural Bioactive Compounds Targeting Gut Barrier Integrity and Metabolic Endotoxemia in Cardiometabolic Disease: Mechanistic Insights and Translational Perspectives,Molecules,2026,False,False,,https://pubmed.ncbi.nlm.nih.gov/42280144/,2026-08-03T12:34:35.592174
42147231,"Natural supplements in breast cancer therapy: translational evidence, clinical safety, and emerging challenges",Front Oncol,2026,False,False,,https://pubmed.ncbi.nlm.nih.gov/42147231/,2026-08-03T12:34:35.592220
41677730,Anti-Leukemic Properties of Curcumin on Acute Lymphoblastic Leukemia: A Systematic Review,Biology (Basel),2026,False,False,,https://pubmed.ncbi.nlm.nih.gov/41677730/,2026-08-03T12:34:35.592238
42074410,"Impact of Micro and Nanoplastics on Reproductive Cancer and the Potential Anticancer Benefits of Prolonged Ginger, Garlic, and Turmeric Consumption: A Narrative Review",Int J Environ Res Public Health,2026,False,False,,https://pubmed.ncbi.nlm.nih.gov/42074410/,2026-08-03T12:34:35.592255
42073615,Microbiome and Diet Interplay: An Emerging Frontier in PDAC Diagnosis and Prevention,Cancers (Basel),2026,False,False,,https://pubmed.ncbi.nlm.nih.gov/42073615/,2026-08-03T12:34:35.592270
41640991,Anticancer Molecular Mechanisms of Curcuminoids: An Updated Review of Clinical Trials,Food Sci Nutr,2026,False,False,,https://pubmed.ncbi.nlm.nih.gov/41640991/,2026-08-03T12:34:35.592284
42293211,"A bibliometric analysis of research on the anti-obesity effects of curcumin from 2006 to 2025: knowledge structure, research hotspots, and evolution of frontiers",Front Nutr,2026,False,False,,https://pubmed.ncbi.nlm.nih.gov/42293211/,2026-08-03T12:34:35.592299
42220661,A to Z of Health: An Evidence-Based Narrative Review of Multivitamin-Multimineral and Nutraceutical Supplementation,Cureus,2026,False,False,,https://pubmed.ncbi.nlm.nih.gov/42220661/,2026-08-03T12:34:35.592313
42280101,"Chemobrain as a Neuroimmune Syndrome: Mechanisms, Modifiers, and Emerging Multi-Target Therapeutic Strategies",Molecules,2026,False,False,,https://pubmed.ncbi.nlm.nih.gov/42280101/,2026-08-03T12:34:35.592355
41802305,Safety and efficacy of chemoprevention for familial adenomatous polyposis: a systematic review and meta-analysis,Ann Coloproctol,2026,False,False,,https://pubmed.ncbi.nlm.nih.gov/41802305/,2026-08-03T12:34:35.592373
41924225,"The Effect of Curcumin Plus Piperine on Mental Health Status, Sleep Quality, and Anthropometric Indices in Patients with Non-Proliferative Diabetic Retinopathy: A Randomized Double-Blind Placebo-Controlled Trial",Int J Prev Med,2026,False,False,,https://pubmed.ncbi.nlm.nih.gov/41924225/,2026-08-03T12:34:35.592388
41977496,Synthesis of New Asymmetrical Chalcones and Evaluation of Their Use in Combination with Curcumin Against Rhodesain of &lt;i&gt;T. brucei rhodesiense&lt;/i&gt;,Int J Mol Sci,2026,False,False,,https://pubmed.ncbi.nlm.nih.gov/41977496/,2026-08-03T12:34:35.592403
42123930,Impact of Nutritional Supplements and Antioxidants in the Treatment of Breast Cancer: A Systematic Review,Nutrients,2026,False,False,,https://pubmed.ncbi.nlm.nih.gov/42123930/,2026-08-03T12:34:35.592420
42234350,Targeted Supplementation and Nutritional Strategies for Healthy Aging: A Review of Physiological and Molecular Benefits,Curr Nutr Rep,2026,False,False,,https://pubmed.ncbi.nlm.nih.gov/42234350/,2026-08-03T12:34:35.592434
41377590,Natural strategies to optimize estrogen levels in aging women: mini review,Front Aging,2025,False,False,,https://pubmed.ncbi.nlm.nih.gov/41377590/,2026-08-03T12:34:35.592448
42197012,Dietary Antioxidants and Redox Signaling in Cancer Prevention: Mechanistic Insights and Metabolic Inflammation,Nutrients,2026,False,False,,https://pubmed.ncbi.nlm.nih.gov/42197012/,2026-08-03T12:34:35.592463
42042068,"Natural Products in Endometrial Cancer: Molecular Mechanisms, Preclinical Evidence, and Clinical Perspectives",Curr Issues Mol Biol,2026,False,False,,https://pubmed.ncbi.nlm.nih.gov/42042068/,2026-08-03T12:34:35.592477
42153019,The effect of curcumin and piperine co-supplementation on glycemic indices in prediabetes: A triple-blind randomized controlled trial,Avicenna J Phytomed,2026,False,False,,https://pubmed.ncbi.nlm.nih.gov/42153019/,2026-08-03T12:34:35.592491
41994628,Advances in polyphenol-based strategies for musculoskeletal recovery and exercise rehabilitation in cancer: Mechanistic insights into Wnt/β-catenin and PI3K/Akt signaling pathways and inflammatory markers,Front Oncol,2026,False,False,,https://pubmed.ncbi.nlm.nih.gov/41994628/,2026-08-03T12:34:35.592508
42020678,Phytochemicals and Obesity: A mini Review from the Dietary Phytochemical Index Perspective,Curr Nutr Rep,2026,False,False,,https://pubmed.ncbi.nlm.nih.gov/42020678/,2026-08-03T12:34:35.592543
42358350,Targeting phosphofructokinase in cancer: integrating natural products for metabolic reprogramming and therapeutic innovation,Front Pharmacol,2026,False,False,,https://pubmed.ncbi.nlm.nih.gov/42358350/,2026-08-03T12:34:35.592559
41057035,Effects of Curcuminoids Plus Piperine Co-Supplementation on Serum Lipid Profile in Adults: A Systematic Review and Meta-Analysis of RCTs,Lipids,2026,False,False,,https://pubmed.ncbi.nlm.nih.gov/41057035/,2026-08-03T12:34:35.592588
42058111,Platelets and platelet-derived factors in curcumin treatment: a narrative review of mechanisms and translational potential,Open Med (Wars),2026,False,False,,https://pubmed.ncbi.nlm.nih.gov/42058111/,2026-08-03T12:34:59.317020
41515170,Influence of Certain Natural Bioactive Compounds on Glycemic Control: A Narrative Review,Nutrients,2025,False,False,,https://pubmed.ncbi.nlm.nih.gov/41515170/,2026-08-03T12:34:59.317039
41359133,Curcumin-based biocompatible nanocarriers: a contemporary perspective in functional foods and biomedical applications,Discov Nano,2025,False,False,,https://pubmed.ncbi.nlm.nih.gov/41359133/,2026-08-03T12:34:59.317055
41878123,Nanoformulated Phytochemicals Against Pancreatic Cancer: Emerging Advances in Therapeutic Strategies,Int J Nanomedicine,2026,False,False,,https://pubmed.ncbi.nlm.nih.gov/41878123/,2026-08-03T12:34:59.317071
42075866,Enhancing the Antitumor Efficacy of Nisin Through Advanced Nanosystems: A Systematic Review of In Vitro Studies,Pharmaceuticals (Basel),2026,False,False,,https://pubmed.ncbi.nlm.nih.gov/42075866/,2026-08-03T12:34:59.317087
41211694,"The Effects of Curcumin Supplementation on Body Weight, Body Mass Index, and Waist Circumference in Patients With Type 2 Diabetes: A Systematic Review and Meta-Analysis of Randomized Controlled Trials",Nutr Rev,2026,False,False,,https://pubmed.ncbi.nlm.nih.gov/41211694/,2026-08-03T18:50:16.107545
42472817,Efficacy of curcumin in depression: A grade-assessed systematic review and meta-analysis of randomized controlled trials,Ann Gen Psychiatry,2026,False,False,,https://pubmed.ncbi.nlm.nih.gov/42472817/,2026-08-03T18:50:16.107609
42116302,Effects of curcumin on anthropometric measurements in nonalcoholic fatty liver disease: An umbrella meta-analysis study,Medicine (Baltimore),2026,False,False,,https://pubmed.ncbi.nlm.nih.gov/42116302/,2026-08-03T18:50:16.107652
42005325,Curcumin/Turmeric Supplementation on Glycemic Control in Adults With Prediabetes and Type 2 Diabetes: A Systematic Review and Dose-Response Meta-Analysis,Food Sci Nutr,2026,False,False,,https://pubmed.ncbi.nlm.nih.gov/42005325/,2026-08-03T18:50:16.107687
42254374,Efficacy and safety of different curcumin formulations in osteoarthritis: an umbrella review of systematic reviews,Front Med (Lausanne),2026,False,False,,https://pubmed.ncbi.nlm.nih.gov/42254374/,2026-08-03T18:50:16.107702
42171191,Evaluating the Effects of Nanocurcumin Supplementation in Type 2 Diabetes Mellitus: A Systematic Review and Meta-Analysis of Randomized Controlled Trials,Endocrinol Diabetes Metab,2026,False,False,,https://pubmed.ncbi.nlm.nih.gov/42171191/,2026-08-03T18:50:16.107719
42000746,Computational identification and evaluation of curcumin derivatives as potential inhibitors of PPP2R5B to enhance insulin sensitivity,Sci Rep,2026,False,False,,https://pubmed.ncbi.nlm.nih.gov/42000746/,2026-08-03T18:50:16.107750
41533751,Effects of Food Bioactive Compounds on Oxidative Stress and the Antioxidant Defense System in Type 2 Diabetes: A Systematic Review and Meta-Analysis of Randomized Controlled Trials,Nutr Rev,2026,False,False,,https://pubmed.ncbi.nlm.nih.gov/41533751/,2026-08-03T18:50:16.107795
41898291,Selected Nutraceuticals in Metabolic Syndrome: Molecular Mechanisms and Clinical Implications,Biomedicines,2026,False,False,,https://pubmed.ncbi.nlm.nih.gov/41898291/,2026-08-03T18:50:16.107810
41517125,Clinical Potential of &lt;i&gt;Curcuma longa&lt;/i&gt; Linn. as Nutraceutical/Dietary Supplement for Metabolic Syndrome: Systematic Review and Meta-Analysis of Randomized Controlled Trials,Foods,2025,False,False,,https://pubmed.ncbi.nlm.nih.gov/41517125/,2026-08-03T18:50:16.107840
40813857,The effect of turmeric/curcumin supplementation on anthropometric indices in subjects with prediabetes and type 2 diabetes mellitus: A GRADE-assessed systematic review and dose-response meta-analysis of randomized controlled trials,Nutr Diabetes,2025,False,False,,https://pubmed.ncbi.nlm.nih.gov/40813857/,2026-08-03T18:50:16.107886
42123439,"Curcumin Supplementation Reduces Inflammation, Neutrophil-to-Lymphocyte Ratio (NLR), and Antioxidant Status in Obese Patients with Type 2 Diabetes: A Randomized Controlled Trial",Int J Mol Sci,2026,False,False,,https://pubmed.ncbi.nlm.nih.gov/42123439/,2026-08-03T18:50:42.362459
41388744,Antihypertensive Effects of Curcumin/Turmeric Supplementation in Prediabetes and Diabetes: A Systematic Review and Meta-Analysis of Randomised Controlled Trials,Endocrinol Diabetes Metab,2026,False,False,,https://pubmed.ncbi.nlm.nih.gov/41388744/,2026-08-03T18:52:44.095973
42247029,Curcumin versus placebo in benign prostatic hyperplasia: a systematic review and meta-analysis,Eur J Clin Pharmacol,2026,False,False,,https://pubmed.ncbi.nlm.nih.gov/42247029/,2026-08-03T18:52:44.096008
41211694,"The Effects of Curcumin Supplementation on Body Weight, Body Mass Index, and Waist Circumference in Patients With Type 2 Diabetes: A Systematic Review and Meta-Analysis of Randomized Controlled Trials",Nutr Rev,2026,True,True,,https://pubmed.ncbi.nlm.nih.gov/41211694/,2026-08-03T18:58:04.889438
42171191,Evaluating the Effects of Nanocurcumin Supplementation in Type 2 Diabetes Mellitus: A Systematic Review and Meta-Analysis of Randomized Controlled Trials,Endocrinol Diabetes Metab,2026,True,True,,https://pubmed.ncbi.nlm.nih.gov/42171191/,2026-08-03T18:58:04.889495
42116302,Effects of curcumin on anthropometric measurements in nonalcoholic fatty liver disease: An umbrella meta-analysis study,Medicine (Baltimore),2026,True,True,,https://pubmed.ncbi.nlm.nih.gov/42116302/,2026-08-03T18:58:04.889519
41388744,Antihypertensive Effects of Curcumin/Turmeric Supplementation in Prediabetes and Diabetes: A Systematic Review and Meta-Analysis of Randomised Controlled Trials,Endocrinol Diabetes Metab,2026,True,True,,https://pubmed.ncbi.nlm.nih.gov/41388744/,2026-08-03T18:58:04.889537
42247029,Curcumin versus placebo in benign prostatic hyperplasia: a systematic review and meta-analysis,Eur J Clin Pharmacol,2026,True,True,,https://pubmed.ncbi.nlm.nih.gov/42247029/,2026-08-03T18:58:04.889553
